100000,1,"ACTIVO",0
110000,1.1,"ACTIVO CIRCULANTE",100000
110100,01/01/2001,"CAJA",110000
110101,"1.1.01.01","CAJA GENERAL",110100
110102,"1.1.01.03","CAJA BONOS DESPENSA",110100
110103,"1.1.01.04","CAJA BONOS GASOLINA",110100
110104,"1.1.01.13","CAJA GENERAL OFTALMOLOGMA",110100
110105,"1.1.01.23","CAJA DOLARES",110100
110106,"1.1.01.24","CAJA DOLARES CONTROL",110100
110200,"0.1.01","fondo_caja_chica",110000
110201,"1.1.01.02","CAJA CHICA",110200
110202,"1.1.01.06","CAJA CHICA AGUA PURIFICADA",110200
110203,"1.1.01.07","CAJA CHICA CORREO",110200
110204,"1.1.01.08","CAJA CHICA MANTENIMIENTO",110200
110205,"1.1.01.09","CAJA CHICA CAFETERMA HUM",110200
110206,"1.1.01.10","CAJA CHICA FINCA",110200
110207,"1.1.01.11","CAJA CHICA AUTOBUSES UM",110200
110208,"1.1.01.14","CAJA CHICA OFTALMOLOGMA",110200
110209,"1.1.01.15","CAJA CHICA COMEDOR UM",110200
110210,"1.1.01.18","CAJA CHICA CSC  HLC",110200
110211,"1.1.01.19","CAJA CHICA ENFERMERIA",110200
110212,"1.1.01.20","CAJA CHICA LABORATORIO",110200
110213,"1.1.01.21","CAJA CHICA VIDA SANA",110200
110300,"0.1.02","fondo_oportundiades",110000
110301,"1.1.01.05","FONDO FIJO DE CAJA",110300
110302,"1.1.01.12","FONDO FIJO PROVEEDURIA",110300
110303,"1.1.01.16","FDO. FIJO CAJA CAFETERIA HUM",110300
110304,"1.1.01.17","FDO. FIJO CAJA SNACK",110300
110305,"1.1.01.22","FDO FIJO DE CAJA AGUA PURIFICADA",110300
110400,01/01/2002,"BANCOS",110000
110401,"1.1.02.01","BANORTE 061-01511-6",110400
110402,"1.1.02.02","BANORTE 10-302023-9 DLLS",110400
110403,"1.1.02.03","BANORTE 10-302023-9 DLLS. CONTROL",110400
110404,"1.1.02.04","BANORTE 100-47708-4",110400
110405,"1.1.02.05","BANORTE 061-01368-7 GUARD.",110400
110406,"1.1.02.06","BANORTE DLLS.103-02027-1 TAYLOR",110400
110407,"1.1.02.07","BANORTE DLLS.103-02027-1 CONTROL",110400
110408,"1.1.02.08","BANORTE 015485 MODUMART",110400
110409,"1.1.02.09","BANORTE 015515 LIB. UNIV.",110400
110410,"1.1.02.10","BANORTE 110-04835-1 SUPERBOM",110400
110411,"1.1.02.11","BANORTE 061-01583-3 SERVICUM",110400
110412,"1.1.02.12","BANORTE 061-01150-1 HUM",110400
110413,"1.1.02.13","BANORTE 061-01309-1 OFTALMO.",110400
110414,"1.1.02.14","BANORTE 061-02062-4 HLC",110400
110415,"1.1.02.15","BANAMEX 554-100820-0",110400
110416,"1.1.02.16","BANAMEX 528570 CTA. CONCENTRADORA",110400
110417,"1.1.02.17","BANAMEX 102245-9 MAE BAXTER",110400
110418,"1.1.02.18","BANAMEX 101911-3 SERVICUM",110400
110419,"1.1.02.19","BANAMEX 102001-4 UMART",110400
110420,"1.1.02.20","BANAMEX 7503288789 LOGOS",110400
110421,"1.1.02.21","BANAMEX 7504528696 NASDAD",110400
110422,"1.1.02.22","BANAMEX 767005-3 UNILAB",110400
110423,"1.1.02.23","BANAMEX 100000-5 UNIMARKET",110400
110424,"1.1.02.24","BANAMEX 1025725 COLP. ESTUD.",110400
110425,"1.1.02.25","BANAMEX 9001434 DLLS. SERVICUM",110400
110426,"1.1.02.26","BANAMEX 9001434 CONTROL SERV.",110400
110427,"1.1.02.27","BANAMEX 9001442 DLLS. LOGOS",110400
110428,"1.1.02.28","BANAMEX 9001442 CONTROL",110400
110429,"1.1.02.29","BANAMEX 7671904 CONSERVATORIO",110400
110430,"1.1.02.30","BANAMEX 7514197 DLLS. COLPTS.",110400
110431,"1.1.02.31","BANAMEX 7514197 CONTROL COLPS.",110400
110432,"1.1.02.32","BANAMEX 75161446669 TUBOMART",110400
110433,"1.1.02.33","BANAMEX 102002-2 HUM",110400
110434,"1.1.02.34","BANAMEX 101902-4 H",110400
110435,"1.1.02.35","BANAMEX 102034-0 H",110400
110436,"1.1.02.36","BANAMEX 554-7673079  HLC",110400
110437,"1.1.02.38","BANAMEX 9001558 DLLS. H",110400
110438,"1.1.02.39","BANAMEX 9001558 DLLS. H CONTROL",110400
110439,"1.1.02.40","BANAMEX 101901-6 CD",110400
110440,"1.1.02.41","BANAMEX 900150-7 DLLS.  CD",110400
110441,"1.1.02.42","BANAMEX 900150-7  CONTROL CD",110400
110442,"1.1.02.43","CALIFORNIA COMMERCE BANK 58-022829 DLSS",110400
110443,"1.1.02.44","CALIFORNIA COMMERCE BANK 58-022829 DLSS. CONTROL",110400
110444,"1.1.02.45","BITAL 40-0355648-7 SUPERBOM",110400
110445,"1.1.02.46","BANORTE 061-01566-3",110400
110446,"1.1.02.47","BANAMEX 767774-0 LAB. CD",110400
110447,"1.1.02.48","BANORTE 061-01476-4",110400
110448,"1.1.02.49","BANORTE 061-02241-4 HLC",110400
110449,"1.1.02.50","BANAMEX 554-7684666 CSC",110400
110450,"1.1.02.51","BANCOMER 0153293165 HLC",110400
110451,"1.1.02.52","SCOTIABANK 253 00000205",110400
110452,"1.1.02.53","BANCO CTA PUENTE",110400
110453,"1.1.02.54","SCOTIABANK 23500000590",110400
110454,"1.1.02.55","SCOTIABANK 25300000361 CONCENTRADORA",110400
110455,"1.1.02.56","SCOTIABANK 25300001015 GUARDERIA",110400
110456,"1.1.02.57","SCOTIABANK 25300007919 UMART",110400
110457,"1.1.02.58","INBURSA 50003184845",110400
110458,"1.1.02.59","SCOTIABANK 25300008044 UNILAB",110400
110459,"1.1.02.60","INBURSA COVOPROM 500033014633",110400
110460,"1.1.02.61","SCOTIABANK 25300008133 CONSERVATORIO",110400
110461,"1.1.02.62","SCOTIABANK 25300008060 MODUMART",110400
110462,"1.1.02.63","SCOTIABANK 25300008303 PATRONATO UM",110400
110463,"1.1.02.64","SCOTIABANK VIDA SANA",110400
110464,"1.1.02.65","BANAMEX CENTRO DENTAL 7758996",110400
110465,"1.1.02.66","SCOTIABANK 25300014192 CENTRO DENTAL",110400
110466,"1.1.02.67","SCOTIABANK T. EMPRESARIAL GUARDERIA 25320559",110400
110467,"1.1.02.68","AMERICAN EXPRESS TARJETA INSTITUCIONAL",110400
110468,"1.1.02.69","INTERNATIONAL BANK (INB) DLL.( 867071)",110400
110469,"1.1.02.70","INTERNATIONAL BANK (INB) DLL .CONTROL (867071)",110400
111400,01/01/2006,"INVENTARIOS",110000
111401,"1.1.06.01","MATERIA PRIMA",111400
111402,"1.1.06.02","PRODUCCISN EN PROCESO",111400
111403,"1.1.06.03","PRODUCCISN TERMINADA",111400
111404,"1.1.06.04","ACCESORIOS",111400
111405,"1.1.06.05","INVENTARIO MANTENIMIENTO",111400
111406,"1.1.06.06","INVENTARIO COMEDOR UM",111400
111407,"1.1.06.07","INVENTARIO CAFETERMA",111400
111408,"1.1.06.08","INVENTARIO DE PRODUCCION TERMINADA UNILAB",111400
111409,"1.1.06.09","INVENTARIO CONSERVATORIO",111400
111410,"1.1.06.10","INVENTARIO -VIVERO",111400
111411,"1.1.06.11","INVENTARIOS PROVEDURIA UM",111400
111412,"1.1.06.12","INVENTARIO DE MATERIA PRIMA UNILAB",111400
111413,"1.1.06.13","INVENTARIO TEMPORAL DPTO. DE COMPRAS",111400
111414,"1.1.06.14","INVENTARIO ART. PROMOCIONALES",111400
111415,"1.1.06.15","INVENTARIO COMPRAS",111400
111416,"1.1.06.16","INV. CONSIGNACION CASSETTE",111400
111417,"1.1.06.17","INVENTARIO MATERIALES AHORRO ENERGIA",111400
111418,"1.1.06.18","ALMACEN HLC",111400
111419,"1.1.06.19","FARMACIA",111400
111420,"1.1.06.20","CENTRAL DE EQUIPO",111400
111421,"1.1.06.21","LABORATORIO",111400
111422,"1.1.06.22","RAYOS X",111400
111423,"1.1.06.23","URGENCIAS",111400
111424,"1.1.06.24","VIDA SANA",111400
111425,"1.1.06.25","CLINICA COMUNITARIA",111400
111426,"1.1.06.26","INVENTARIO A CONSIGNACION",111400
111427,"1.1.06.30","PROVISION INVENTARIOS OBSOLETOS",111400
111428,"1.1.06.31","INVENTARIO SISTEMAS",111400
110500,01/01/2003,"INVERSIONES",110000
110501,"1.1.03.01","BANAMEX BANCA PATRIMONIAL 70437991",110500
110502,"1.1.03.02","BANAMEX 4185310-2 R.H.G",110500
110503,"1.1.03.03","BANAMEX INT.7512956023 GLEN G.",110500
110504,"1.1.03.04","BANAMEX 7512956775 L.L. G.",110500
110505,"1.1.03.05","BANAMEX CONT.2562887032 KARMY",110500
110506,"1.1.03.06","BANAMEX 100820-0/750036098",110500
110507,"1.1.03.07","FONDO DE INVERSION SCOTIAN G 7519628-2",110500
110508,"1.1.03.08","BANCOMER BCM929985-0 BCO.FOMENTO",110500
110509,"1.1.03.09","F.E.U.M.",110500
110510,"1.1.03.10","BANAMEX 7512956012- GARBUTH",110500
110511,"1.1.03.11","BANORTE-096-87356-5 MESA DE DINERO",110500
110512,"1.1.03.12","BANORTE 098-65017-2 MESA DINERO COV.",110500
110513,"1.1.03.13","BANAMEX 767774-0 CD",110500
110514,"1.1.03.14","BANAMEX 4145555019 CD",110500
110515,"1.1.03.15","CALIF.COMERCE BANK INVERSION 5971212825 DLLS",110500
110516,"1.1.03.16","CALIF.COMERCE BANK INVERSION 5971212825 DLLS CONTROL",110500
110517,"1.1.03.17","SCOTIANBANK INVERSION 78587791",110500
110518,"1.1.03.18","ACTINVER S.A. DE C.V  87076580",110500
110519,"1.1.03.19","SCOTIANBANK INVERSION A PLAZO 0810000205",110500
110520,"1.1.03.20","INTERCAM CASA DE CAMBIOS, S. A. DE C. V.  4127681134",110500
110521,"1.1.03.21","FONDO DE INVERSION SCOTIABANK  7960513-5",110500
110522,"1.1.03.22","FDO DE INVERSION SCOTIABAK 2 PATRONATO 7960629-9",110500
110523,"1.1.03.23","FDO DE INVERSION HZGUB BANAMEX 7037991",110500
110524,"1.1.03.24","INVERSION VISTA BANCOMER 2035020026",110500
110525,"1.1.03.25","INVERSION BANORTE COVOPROM",110500
110526,"1.1.03.26","INVERSION DISPONIBLE SCOTIA BANK 25300022950",110500
110527,"1.1.03.27","INVERSION CONTRATO DE VALORES 000116",110500
111200,"1.1.04.10","IVA PENDIENTE DE ACREDITAR",110000
111800,"1.1.07.02","RENTA ANTICIPADA",110000
111900,"1.1.07.03","PRIMAS DE SEGUROS",110000
111000,01/01/2005,"CXC -ORGANIZACIONES SUPERIORES",110000
111001,"1.1.05.01","DIVISISN INTERAMERICANA",111000
111002,"1.1.05.02","UNISN MEXICANA DEL NORTE",111000
111003,"1.1.05.03","UNISN MEXICANA DEL SUR",111000
111004,"1.1.05.04","UNISN MEXICANA INTEROCEANICA",111000
111005,"1.1.05.05","CAMPOS UNION DEL NORTE",111000
111006,"1.1.05.06","AGENCIA DE PUBLICACIONES, A.C.",111000
111007,"1.1.05.07","COVOPROM",111000
111008,"1.1.05.08","HOSPITAL LA CARLOTA,S.C.",111000
111009,"1.1.05.09","CAMPOS UNION DEL SUR",111000
111010,"1.1.05.10","DIA- B.  LAZARO",111000
111011,"1.1.05.11","CXC HOSPITAL LA CARLOTA GTOS.",111000
111012,"1.1.05.12","ASOC.GENERAL PROYECTO BIBLIA",111000
111013,"1.1.05.13","C X C JUNTAS DIA",111000
111014,"1.1.05.14","DIA-APROPIACIONES ESPECIALES",111000
111015,"1.1.05.15","UNION MEXICANA CENTRAL",111000
111016,"1.1.05.16","DIA ABEL MARQUEZ",111000
111017,"1.1.05.17","OFICINA B. LAZARO (DIA)",111000
111018,"1.1.05.18","OFICINA ABEL MARQUEZ (DIA)",111000
111019,"1.1.05.19","FILANTROPICA FET. A.C. UM CAMPUS TAB.",111000
111020,"1.1.05.20","PATRONATO UM A.C.",111000
120000,1.3,"ACTIVO FIJO",100000
120400,01/03/2001,"MOBILIARIO Y EQUIPO",120000
120401,"1.3.01.01","MOB. Y EQ. DE OFICINA",120400
120402,"1.3.01.04","MAQUINARIA Y EQUIPO",120400
120403,"1.3.01.05","EQUIPO DE RESTAURANT",120400
120404,"1.3.01.11","MOBILIARIO Y EQ. DE OFICINA HUM",120400
120405,"1.3.01.14","MAQUINARIA Y EQUIPO HUM",120400
121000,"0.1.03","equipo_transporte_general",120000
121001,"1.3.01.03","EQUIPO DE TRANSPORTE",121000
121002,"1.3.01.13","EQUIPO DE TRANSPORTE HUM",121000
120600,"0.1.04","equipo_computo",120000
120601,"1.3.01.02","EQUIPO DE COMPUTO Y ELECTRONICA",120600
120602,"1.3.01.12","EQUIPO DE COMPUTO HUM",120600
120603,"1.3.01.06","EQ. DE TELECOMUNICACIONES",120600
120500,01/03/2002,"DEPN. ACUMULADA DE MOB. Y EQ.",120000
120501,"1.3.02.01","DEPN. ACU. DE EQUIPO DE OFICINA",120500
120502,"1.3.02.04","DEPN. ACUM. DE MAQUINARIA Y EQ.",120500
120503,"1.3.02.05","DEPN. ACUM. DE EQ. DE RESTAUTANT",120500
120504,"1.3.02.11","DEPN. ACUM MOB. Y EQ. DE OF. HUM",120500
120505,"1.3.02.14","DEPN. ACUM.  MAQ. Y EQ.  HUM",120500
120700,"0.1.05","depn_acum_computo",120000
120701,"1.3.02.02","DEPN. ACUM. DE EQ. DE COMPUTO Y ELECRONICA",120700
120702,"1.3.02.12","DEPN. ACUM. EQ. DE COMPUTO HUM",120700
120703,"1.3.02.06","DEPN. ACUM. EQ. TELECOMUNICACIONES",120700
121100,"0.1.06","depn_acum_transporte",120000
121101,"1.3.02.03","DEPN. ACUM. DE EQ. DE TRANSPORTE",121100
121102,"1.3.02.13","DEPN. ACUM. EQ. DE TRANSP. HUM",121100
120300,"1.3.03.04","DEPN. ACUM EDIFICIOS",120000
120100,01/03/2003,"TERRENOS Y EDIFICIOS",120000
120200,"0.1.07","edificios_general",120000
120201,"1.3.03.01","EDIFICIOS",120200
120202,"1.3.03.02","INST. DEPORTIVAS (GIMANSIO)",120200
130000,1.4,"ACTIVO DIFERIDO",100000
130500,"1.4.01.01","GASTOS DE INSTALACISN",130000
140100,01/04/2003,"DEPSSITOS EN GARANTMA",140000
140101,"1.4.03.01","DEPOSITO RENTA DE CASAS",140100
140102,"1.4.03.02","DEPSSITO LINEA TELEFSNICAS",140100
140103,"1.4.03.03","DEPOSITOS EN GARANTIA",140100
110700,01/01/2004,"CUENTAS POR COBRAR",110000
110701,"1.1.04.01","ESTUDIANTES",110700
110702,"1.1.04.02","PACIENTES INTERNOS",110700
110703,"1.1.04.03","INSTITUCIONES",110700
110704,"1.1.04.06","ISR PROVISIONAL",110700
110705,"1.1.04.07","IVA POR ACREDITAR",110700
110706,"1.1.04.08","IVA IDENTIFICADO GRAVADO",110700
110707,"1.1.04.09","IVA NO IDENTIFICADO",110700
110708,"1.1.04.11","RESERVA PARA CUENTAS INCOBRABLES",110700
110709,"1.1.04.12","CXC  INTERNA-SERVICUM",110700
110710,"1.1.04.13","CXC INTERNA-MODUMART",110700
110711,"1.1.04.14","CXC INTERNA-UMART",110700
110712,"1.1.04.15","RESERVAS INCOBRABLES SUBSIDIARIAS UM",110700
110713,"1.1.04.16","CXC INTERNA-GUARDERMA INFANTIL",110700
110714,"1.1.04.17","CXC SERVICIOS DE ENSE��ANZA A UM",110700
110715,"1.1.04.18","CXC INTERNA-LIB. UNIV.",110700
110716,"1.1.04.19","CXC INTERNA-UNILAB",110700
110717,"1.1.04.20","CXC INTERNA-UNIMARKET",110700
110718,"1.1.04.21","CXC INTERNA CENTRO DENTAL",110700
110719,"1.1.04.22","CTAS. X COB. INT. COLPORTAJE",110700
110720,"1.1.04.23","C X C INTERNA UM A FIT",110700
110721,"1.1.04.24","CXC INTERNA CENTRO DE PROD. MUSICAL",110700
110722,"1.1.04.25","CLIENTES EMP-ESC.",110700
110723,"1.1.04.26","DEUDORES DIVERS0S E-E.",110700
110724,"1.1.04.27","IVA PENDIENTE POR ACREDITAR",110700
110725,"1.1.04.28","CXC.I. LAB. DENTAL",110700
110726,"1.1.04.29","ESTUDIANTES PASIVOS",110700
110727,"1.1.04.30","ESTUDIANTES INCOBRABLES",110700
110728,"1.1.04.31","IVA ACREDITABLE IMPORTACIONES",110700
110729,"1.1.04.32","C X C  INTERNA UM  A PROMUSIC",110700
110730,"1.1.04.35","CXC INTERNA GUARDERIA (P DIA)",110700
110731,"1.1.04.36","CXC INTERNA HLC (P DIA)",110700
110732,"1.1.04.37","IDE RETENIDO",110700
110733,"1.1.04.38","CXC INTERNA UM A ESC. NUTRICION",110700
110734,"1.1.04.39","CXC INTERNA UM A ESC. TEOLOGIA",110700
110735,"1.1.04.40","CXC H.L.C / VIDA SANA",110700
110736,"1.1.04.41","CXC H.L.C /  INSTITUTO DE LA VISION",110700
110737,"1.1.04.42","CXC HLC/CENTRO DENTAL (P)",110700
110738,"1.1.04.43","CXC HOSPITAL LA C/CENTRO DENTAL",110700
110739,"1.1.04.44","PROYECTO DE INVERSION FINCA",110700
110600,"1.1.04.04","CLIENTES",110000
110800,"1.1.04.05","DEUDORES DIVERSOS",110000
140300,1.2,"ACTIVO A LARGO PLAZO",140000
140301,01/02/2001,"CUENTAS POR COBRAR A LARGO PLAZO",140300
140302,"1.2.01.01","CXC INT. L.P. SERVICUM",140300
140303,"1.2.01.02","CXC INT. L.P. DONATIVOS PROY. E-E",140300
140304,"1.2.01.03","CXC INT. L.P. UMART",140300
140305,"1.2.01.04","CXC INT. L.P. MODUMART",140300
140306,"1.2.01.05","CXC INT. L.P. EDITORIAL M.M.",140300
140307,"1.2.01.06","CXC INTERNA. L.P. TUBOMART",140300
140308,"1.2.01.07","CXC INT. L.P. UNIMARKET",140300
140309,"1.2.01.08","CXC INT L.P. UNILAB",140300
140310,"1.2.01.09","C.X.C  INT. L.P. ARTICULOS PROMOCIONALES UM",140300
140311,"1.2.01.10","CXC INT. L.P.TIENDA DE REGALOS TIPS",140300
140312,"1.2.01.11","CXC INT. PISTAS MUS.",140300
140313,"1.2.01.12","CXC INT. A L.P. SUPERBOM",140300
140314,"1.2.01.13","C X C LP HOSPITAL LA CARLOTA",140300
140315,"1.2.01.14","C X C  L. P. FINCA",140300
140316,"1.2.01.15","DEUDORES A L.P.",140300
140317,"1.2.01.16","C X C  L.P.  HOSPITAL ""LA CARLOTA"" - PRESTAMO",140300
140318,"1.2.01.17","CXC  L. P. LIBRERIA UNIV.",140300
140319,"1.2.01.18","C X C L.P. GUARDERIA",140300
200000,2,"PASIVO",0
210000,2.1,"PASIVO CIRCULANTE",200000
210200,02/01/2001,"CUENTAS POR PAGAR",210000
210201,"2.1.01.01","ESTUDIANTES",210200
210202,"2.1.01.02","PACIENTES",210200
210203,"2.1.01.03","INSTITUCIONES",210200
210204,"2.1.01.06","RVA. PARA AGUINALDO",210200
210205,"2.1.01.07","RVA. PARA PRIMA VACACIONAL",210200
210206,"2.1.01.08","NOMINA",210200
210207,"2.1.01.09","CXP-INTERNA-ACADEMICO",210200
210208,"2.1.01.10","SECCISN NORESTE (DIEZMOS)",210200
210209,"2.1.01.11","CAMBIO DE CHEQUE",210200
210210,"2.1.01.24","ESTUDIANTES DE ISAR",210200
210211,"2.1.01.25","NOMINA-JUBILADOS",210200
210212,"2.1.01.31","DONATIVOS POR PAGAR",210200
210213,"2.1.01.36","FEUM-EMPLEADOS",210200
210214,"2.1.01.37","GUARDERIA INFANTIL IMSS",210200
210215,"2.1.01.39","FIDEICOMISO P/AHORRO DE ENERGIA",210200
210216,"2.1.01.40","INFONAVIT AMORTIZACIONES",210200
210217,"2.1.01.41","C X P INTERNA PROMUSIC A UM",210200
210218,"2.1.01.44","FONDO PARA POBRES HLC",210200
210219,"2.1.01.45","CXP INTERNA ACADEMICO (P DIA)",210200
210220,"2.1.01.46","PACIENTES",210200
210221,"2.1.01.47","CUENTA POR PAGAR A CORTO PLAZO UMS",210200
210222,"2.1.01.50","CXP INTERNA ESC. NUTRICION A UM",210200
210223,"2.1.01.51","CXP INTERNA ESC. TEOLOGIA  A UM",210200
210224,"2.1.01.52","CXP UM CENTRO DENTAL /PRESTAMO",210200
210225,"2.1.01.53","C X P INTERNA FIT A UM",210200
210226,"2.1.01.54","CXP PRESTAMO DIA PROYECTO FINCA CORTO PLAZO",210200
210227,"2.1.01.55","CXP PRESTAMO A DIA HLC 2010 230 MIL  DLL",210200
210228,"2.1.01.56","C X P. C.PLAZO A DIA  PRESTAMO HLC 2010 135 MIL DLL",210200
210229,"2.1.01.57","C X P C. PLAZO A DIA PRESTAMO PROYECTO T.V. 155 MIL DLL",210200
210100,"0.2.01","proveerodes_general",210000
210101,"2.1.01.04","PROVEEDORES",210100
210102,"2.1.01.26","PROVEEDORES EMP-ESC.",210100
210103,"2.1.01.33","MUEBLERIA MORELOS",210100
210104,"2.1.01.34","ASEGURADORA HIDALGO",210100
210105,"2.1.01.16","SEGURO SOCIAL",210100
210106,"2.1.01.38","SEGUROS MET LIFE MEXICO",210100
210300,"0.2.02","acreedores_general",210000
210301,"2.1.01.05","ACREEDORES DIVERSOS",210300
210302,"2.1.01.27","ACREEDORES DIV. EMP-ESC.",210300
210303,"2.1.01.35","ACREEDORES PROMOBIEN",210300
210500,"0.2.03","hipotecas_pagar",210000
210501,"2.1.02.01","COLEGIATURAS",210500
210502,"2.1.02.02","ALUMNOS GASTOS MIDICOS",210500
210503,"2.1.02.03","ALUMNOS GASTOS DE ACCIDENTES",210500
210504,"2.1.02.04","DEPOSITOS NO IDENTIFICADOS",210500
210505,"2.1.02.05","DESCUENTOS",210500
210506,"2.1.01.28","INFONAVIT-PRESTAMOS",210500
210507,"2.1.01.29","ANTICIPO DE CLIENTES",210500
210508,"2.1.01.30","MOCASSIN",210500
210509,"2.1.01.32","SERVICIOS POR ENSE��ANZA  A COVOPROM",210500
210600,"0.2.04","iva_causado",210000
210601,"2.1.01.42","2% SOBRE NOMINAS",210600
210602,"2.1.01.43","1% SOBRE MED  CONTROLADOS",210600
210603,"2.1.01.17","5% INFONAVIT",210600
210604,"2.1.01.18","2% SAR",210600
210605,"2.1.01.13","CRIDITO AL SALARIO (ISPT)",210600
210800,"0.2.05","iva_pagar_general",210000
210801,"2.1.01.19","IVA POR PAGAR",210800
210802,"2.1.01.20","IVA PENDIENTE DE TRASLADAR",210800
210803,"2.1.01.21","IVA RETENIDO POR PAGAR",210800
210804,"2.1.01.22","IVA RETENIDO A TRANSPORTISTAS",210800
210805,"2.1.01.23","IVA RETENIDO POR PAGAR HONORARIOS",210800
211000,"0.2.06","impuestos_derechos_retenidos_enterar",210000
211001,"2.1.01.14","RETENCIONES ARRENDAMIENTO",211000
211002,"2.1.01.15","RETENCIONES HONORARIOS",211000
211003,"2.1.01.48","IMPUESTO X RETENCION DE ARRENDAMIENTO",211000
211100,"0.2.07","isr_pagar",210000
211101,"2.1.01.12","ISR SUELDO",211100
211102,"2.1.01.49","ISR PERSONA MORAL",211100
220000,2.2,"PASIVO A LARGO PLAZO",200000
220100,02/02/2001,"CUENTAS POR PAGAR A L.P.",220000
220101,"2.2.01.01","CUENTAS POR PAGAR INTERNAS A L.P.",220100
220102,"2.2.01.02","FIDEICOMISO P/AHORRO ENERGIA",220100
220103,"2.2.01.03","CXP DIVISION INTERAMERICANA",220100
220104,"2.2.01.04","CXP LP UNION MEXICANA DEL SUR",220100
220105,"2.2.01.05","CUENTA X PAGAR DIA PROYECTO FINCA",220100
220106,"2.2.01.06","CUENTA X PAGAR A DIA PRESTAMO HLC 2010 230 MIL DLL",220100
220107,"2.2.01.07","C X P L.PLAZO A DIA PRESTAMO  HLC 2010 135 MIL DLL",220100
220108,"2.2.01.08","CXP L.PLAZO A DIA PRESTAMO PROYECTO TV 155 MIL DLL",220100
700000,"0.2.08","CCOSTO",0
700001,"1.01.2.01.08","DOCTORADO EN ADMINISTRACION DE NEGOCIOS",710000
700002,"1.01.2.04.09","CENTRO DE INVESTIGACIONES INGENIERIA",710001
700003,"1.01.2.07.02","DIFUSION DE LA CULTURA",710002
700004,"1.01.2.06.03","CENTRO DE DISEÑO",710003
700005,1,"UNIVERSIDAD DE MONTEMORELOS, A.C.",710004
700006,1.01,"ACADEMICO",710005
700007,"1.01.1","EDUCATIVA",710006
700008,"1.01.1.01","NIVEL MEDIO",710007
700009,"1.01.1.01.01","BACHILLERES",710008
700010,"1.01.1.01.02","SECRETARIADO ADMINISTRATIVO",710009
700011,"1.01.2","UNIVERSITARIA",710010
700012,"1.01.2.01","FACULTAD DE CIENCIAS ADMINISTRATIVAS",710011
700013,"1.01.2.01.01","DIR. FACULTAD DE CIENCIAS ADMINISTRATIVAS",710012
700014,"1.01.2.01.02","LIC. EN CONTADURIA PUBLICA",710013
700015,"1.01.2.01.03","LIC. EN ADMINISTRACION DE EMPRESAS",710014
700016,"1.01.2.01.05","MAESTRIA EN ADMINISTRACION DE EMPRESAS",710015
700017,"1.01.2.01.06","NEGOCIOS INTERNACIONALES",710016
700018,"1.01.2.01.07","CENTRO DE INV. PARA EL DESARROLLO EMPRESARIAL (CIDEC)",710017
700019,"1.01.2.02","FACULTAD DE EDUCACION",710018
700020,"1.01.2.02.01","DIR. FACULTAD DE EDUCACION",710019
700021,"1.01.2.02.02","LIC. EN CIENCIAS DE LA EDUCACION",710020
700022,"1.01.2.02.03","INSTITUTO DE IDIOMAS",710021
700023,"1.01.2.02.04","MAESTRIA EN EDUCACION",710022
700024,"1.01.2.02.05","MAESTRIA EN RELACIONES FAMILIARES",710023
700025,"1.01.2.02.06","DOCTORADO EN EDUCACION - UM",710024
700026,"1.01.2.02.07","LIC. EN PSICOLOGIA CLINICA",710025
700027,"1.01.2.02.08","ORIENTACION Y ACONSEJAMIENTO",710026
700028,"1.01.2.03","FACULTAD DE CSS. DE LA SALUD",710027
700029,"1.01.2.03.01","DIR. FACULTAD DE CSS. DE LA SALUD",710028
700030,"1.01.2.03.02","LIC. EN  MEDICINA",710029
700031,"1.01.2.03.03","LIC. EN ENFERMERIA",710030
700032,"1.01.2.03.04","LIC. EN QUIMICO CLINICO BIOLOGO",710031
700033,"1.01.2.03.05","LIC. EN NUTRICION",710032
700034,"1.01.2.03.06","MAESTRIA EN SALUD PUBLICA",710033
700035,"1.01.2.03.07","LIC. EN ODONTOLOGIA",710034
700036,"1.01.2.03.08","LIC. EN TECNOLOGIA DENTAL",710035
700037,"1.01.2.03.09","CENTRO DE IMPRESION DIGITAL DE FACSA",710036
700038,"1.01.2.03.10","QUMICA DE LOS ALIMENTOS",710037
700039,"1.01.2.03.11","QUIMICO FARMACOBIOLOGO",710038
700040,"1.01.2.03.12","TERAPIA FISICA Y REABILITACION",710039
700041,"1.01.2.03.13","PLANTA DE AGUA PURIFICADORA Y PRDUCTOS DE LIMPIEZA",710040
700042,"1.01.2.04","FACULTAD DE INGENIERIA Y TECNOLOGIA",710041
700043,"1.01.2.04.01","DIR. DE FACULTAD DE INGENIERIA Y TECNOLOGIA",710042
700044,"1.01.2.04.02","LIC. EN ADMINISTRACION DE SISTEMAS",710043
700045,"1.01.2.04.03","LIC. EN INGENIERIA DE  SISTEMAS",710044
700046,"1.01.2.04.04","ING. TECNOLOGIA DE LA INFORMACION",710045
700047,"1.01.2.04.06","MAESTRIA EN CIENCIAS COMPUTACIONALES",710046
700048,"1.01.2.04.07","LIC. EN INGENIERIA  INDUSTRIAL",710047
700049,"1.01.2.04.08","LIC. EN INGENIERIA EN ELECTRONICA",710048
700050,"1.01.2.05","FACULTAD DE TEOLOGIA",710049
700051,"1.01.2.05.01","DIR. DE FACULTAD DE TEOLOGIA",710050
700052,"1.01.2.05.02","LIC. EN TEOLOGIA",710051
700053,"1.01.2.05.03","MAESTRIA EN TEOLOGIA PASTORAL",710052
700054,"1.01.2.05.04","DOCTORADO EN MINISTERIO",710053
700055,"1.01.2.05.05","MAESTRIA EN LIDERAZGO JUVENIL",710054
700056,"1.01.2.06","ESCUELA DE ARTES",710055
700057,"1.01.2.06.01","LIC. EN ARTES VISUALES",710056
700058,"1.01.2.06.02","LIC. EN COMUNICACISN VISUAL",710057
700059,"1.01.2.06.04","LIC. EN CIENCIAS DE LA COMUNICACION",710058
700060,"1.01.2.06.05","FIAT  -  LUX",710059
700061,"1.01.2.06.06","DIRECCION ESCUELA DE ARTES",710060
700062,"1.01.2.07","ESCUELA DE MUSICA",710061
700063,"1.01.2.07.01","LIC. EN MUSICA",710062
700064,"1.01.2.07.03","PRO MUSIC",710063
700065,"1.01.2.11","ESCUELA DE EMPRENDEDORES",710064
700066,"1.01.2.11.01","ESCUELA DE EMPRENDEDORES",710065
700067,"1.01.3","COMEDOR E INTERNADO",710066
700068,"1.01.3.01","SERVICIO DE ALIMENTOS",710067
700069,"1.01.3.01.01","COMEDOR UNIVERSITARIO",710068
700070,"1.01.3.01.02","CAFETERIA HLC",710069
700071,"1.01.3.02","INTERNADO",710070
700072,"1.01.3.02.01","DORMT. JSVENES NIVEL MEDIO#1",710071
700073,"1.01.3.02.02","DORMT. SEQORITAS NIVEL MEDIO #2",710072
700074,"1.01.3.02.03","DORMT. JSVENES UNIVERSITARIOS #3",710073
700075,"1.01.3.02.04","DORMT. SEQORITAS UNIVERSITARIAS #4",710074
700076,"1.01.4","APOYO",710075
700077,"1.01.4.01","RECTORIA UM",710076
700078,"1.01.4.01.01","RECTORIA",710077
700079,"1.01.4.01.02","ADMISIONES",710078
700080,"1.01.4.01.03","DIR. SISTEMAS DE INFORMACION",710079
700081,"1.01.4.01.04","DIRECCION DE PLANTA FISICA",710080
700082,"1.01.4.01.05","MTTO. PLANTA FMSICA DEPTOS. APOYO PMP",710081
700083,"1.01.4.01.06","CONSTRUCCION",710082
700084,"1.01.4.01.07","PLANTEL",710083
700085,"1.01.4.01.08","INSTALACIONES",710084
700086,"1.01.4.01.09","MUSEO UNIVERSITARIO",710085
700087,"1.01.4.01.10","CENTRO DE INTEGRACION DE LA FE",710086
700088,"1.01.4.01.11","CENTRO DE LIDERAZGO CRISTIANO",710087
700089,"1.01.4.02","VICERECTORIA ACADEMICA UM",710088
700090,"1.01.4.02.01","VICERECTORIA  ACADEMICA",710089
700091,"1.01.4.02.02","CERTIFICACION Y ARCHIVO",710090
700092,"1.01.4.02.03","REGISTROS",710091
700093,"1.01.4.02.04","DESARROLLO CURRICULAR",710092
700094,"1.01.4.02.05","BIBLIOTECA",710093
700095,"1.01.4.02.06","CENTRO WHITE",710094
700096,"1.01.4.02.08","INVESTIGACION Y PUBLICACIONES",710095
700097,"1.01.4.02.09","CENTRO DE EXTENSIONES",710096
700098,"1.01.4.02.10","CERTIFICACION Y EVALUACION DEL DOCENTE  (CREA)",710097
700099,"1.01.4.02.11","POSTGRADO",710098
700100,"1.01.4.02.12","CENTRO DE INVESTIGACIONES EDUCATIVAS",710099
700101,"1.01.4.02.13","DOCENCIA",710100
700102,"1.01.4.02.14","I C U M   BIBLIOTECA",710101
700103,"1.01.4.02.15","UNID - EN LINEA",710102
700104,"1.01.4.02.16","EDITORIAL ADVENTUS",710103
700105,"1.01.4.03","VICERECTORIA ESTUDIANTIL UM",710104
700106,"1.01.4.03.01","VICERECTORIA ESTUDIANTIL",710105
700107,"1.01.4.03.02","ACTIVIDADES COMPLEMENTARIAS",710106
700108,"1.01.4.03.04","RESIDENCIAS",710107
700109,"1.01.4.03.05","DEPTO. DE RETENCION ESTUDIANTIL",710108
700110,"1.01.4.03.06","TRAMITES MIGRATORIOS ESTUDIANTILES",710109
700111,"1.01.4.04","VICERECTORIA FINANCIERA UM",710110
700112,"1.01.4.04.01","VICERRECTORIA FINANCIERA",710111
700113,"1.01.4.04.02","AUDITORIA INTERNA",710112
700114,"1.01.4.04.04","DIR.  EMPRESA ESCUELA",710113
700115,"1.01.4.04.05","DIR. FINANCIERA",710114
700116,"1.01.4.04.06","FINANZAS ESTUDIANTILES",710115
700117,"1.01.4.04.07","INFORMACION CONTABLE",710116
700118,"1.01.4.04.08","NOMINA E IMPUESTOS",710117
700119,"1.01.4.04.09","COMPRAS",710118
700120,"1.01.2.04.05","LABORATORIO "" LOGO FIT """,710119
700121,"1.01.4.04.12","AUTOFINANCIAMIENTO ESTUDIANTIL",710120
700122,"1.01.4.04.14","LIMPIEZA",710121
700123,"1.01.4.04.15","APOYO FINANCIERO ESTUDIANTIL",710122
700124,"1.01.4.04.16","AUTOBUSES UM",710123
700125,"1.01.4.04.18","COLPORTAJE ESTUDIANTIL",710124
700126,"1.01.4.04.19","CONTRALORIA",710125
700127,"1.01.4.05","VICERECTORIA DE DESARROLLO UM",710126
700128,"1.01.4.05.01","VICERRECTORIA DE DESARROLLO",710127
700129,"1.01.4.05.02","COMUNICACION INSTITUCIONAL",710128
700130,"1.01.4.05.03","EGRESADOS",710129
700131,"1.01.4.05.04","INFORMACION INSTITUCIONAL",710130
700132,"1.01.4.05.05","DESARROLLO",710131
700133,"1.01.4.05.06","PROCURACION  DE FONDOS",710132
700134,"1.01.4.05.07","PROMOCION Y RECLUTAMIENTO",710133
700135,"1.01.4.05.08","RELACIONES PUBLICAS",710134
700136,"1.01.4.05.09","CONMUTADOR",710135
700137,"1.01.4.05.10","PROGRAMAS T.V",710136
700138,"1.01.4.05.11","EFECTIVIDAD INSTITUCIONAL",710137
700139,"1.01.4.06","VICERECTORIA ADMINISTRATIVA UM",710138
700140,"1.01.4.06.01","VICERRECTORIA ADMINISTRATIVA",710139
700141,"1.01.4.06.02","DIR. DE RECURSOS HUMANOS",710140
700142,"1.01.4.06.03","INDUCCION Y EVALUACION",710141
700143,"1.01.4.06.04","DIR. JURMDICA",710142
700144,"1.01.4.06.05","I.D.P",710143
700145,"1.01.4.06.06","TRANSPORTE",710144
700146,"1.01.4.06.07","VIGILANCIA",710145
700147,"1.01.4.06.08","CORREOS",710146
700148,"1.01.4.06.09","VIVIENDA/PLANTA FISICA",710147
700149,"1.01.4.06.10","ADMINISTRACION DE RIESGOS",710148
700150,"1.01.4.06.13","CASA DIA",710149
700151,"1.01.4.06.14","DIR.  SERVICIOS GENERALES",710150
700152,"1.01.4.07","GASTOS Y PRODUCTOS FINANCIEROS UM",710151
700153,"1.01.4.07.01","GASTOS Y PRODUCTOS FINANCIEROS",710152
700154,"1.01.4.07.02","OTROS GASTOS Y OTROS PRODUCTOS",710153
700155,"1.01.4.08","SUBSIDIOS Y TRANSFERENCIAS FDOS. ASIG.",710154
700156,"1.01.4.08.01","SUBSIDIOS",710155
700157,"1.01.4.08.02","TRANSFERENCIAS DE FONDOS ASIGNADOS",710156
700158,"1.01.5","INDUSTRIAS ESCOLARES UM",710157
700159,"1.01.5.01","INDUSTRIAS ESCOLARES",710158
700160,"1.01.5.01.01","FINCA",710159
700161,"1.01.5.01.02","HORTALIZA Y VIVERO",710160
700162,"1.01.5.01.05","PROVEEDURIA U.M.",710161
700163,1.02,"CENTRO DENTAL ""LLOYD BAUM""",710162
700164,"1.02.1","CENTRO DENTAL",710163
700165,"1.02.1.01","SERVICIOS MEDICOS DENTALES",710164
700166,"1.02.1.01.01","ODONTOLOGIA",710165
700167,"1.02.1.01.02","UNIDAD MOVIL-CD",710166
700168,1.05,"ESCUELA EMPRESA MODUMART",710167
700169,"1.05.1","MODUMART",710168
700170,"1.05.1.01","MODUMART ESC-EMP.",710169
700171,"1.05.1.01.01","MODUMART",710170
700172,1.07,"ESCUELA EMPRESA UMART",710171
700173,"1.07.1","UMART",710172
700174,"1.07.1.01","UMART ESC-EMP.",710173
700175,"1.07.1.01.01","UMART",710174
700176,1.08,"ESCUELA EMPRESA  ADVENTUS",710175
700177,"1.08.1","ADVENTUS",710176
700178,"1.08.1.01","ADVENTUS ESC. EMPRESA",710177
700179,"1.08.1.01.01","ADVENTUS",710178
700180,2,"COLEGIO VOCACIONAL Y PROFESIONAL MONTEMORELOS, A.C.",710179
700181,2.01,"COVOPROM, A.C.",710180
700182,"2.01.1","COVOPROM",710181
700183,"2.01.1.01","ESCUELA NORMAL",710182
700184,"2.01.1.01.01","NORMAL",710183
700185,"2.01.1.01.02","OTROS GASTOS OTROS PRODUCTOS",710184
700186,"2.01.1.01.03","TRANSFERENCIA DE FONDOS ASIGNADOS COVOPROM",710185
700187,3,"GUARDERIA  MIS AMIGUITOS DE MONTEMORELOS A.C",710186
700188,3.01,"GUARDERIA MIS AMIGUITOS DE MONTEMORELOS A.C",710187
700189,"3.01.1","GUARDERMA MIS AMIGUITOS DE MONTEMORELOS A.C",710188
700190,"3.01.1.01","GUARDERIA  MIS AMIGUITOS DE MONTEMORELOS A.C",710189
700191,"3.01.1.01.01","GUARDERIA MIS AMIGUITOS DE MONTEMORELOS A.C",710190
700192,"3.01.1.31.04","UNIDAD DE CUIDADOS INTENSIVOS",710191
700193,3.02,"GUARDERMA INFANTIL COMUNITARIA",710192
700194,"3.02.1","GUARDERMA INFANTIL COMUNITARIA IMSS",710193
700195,"3.02.1.01","GUARDERMA INFANTIL COMUNITARIA MIS AMIGUITOS",710194
700196,"3.02.1.01.01","GUARDERMA INFANTIL COMUNITARIA",710195
700197,4,"HOSPITAL LA CARLOTA, S.C.",710196
700198,4.01,"HOSPITAL LA CARLOTA",710197
700199,"4.01.1","SERVICIOS MEDICOS Y HOSPITALARIOS",710198
700200,"4.01.1.01","CIRUGIA GENERAL",710199
700201,"4.01.1.01.01","CIRUGIA GENERAL K. HERNANDEZ",710200
700202,"4.01.1.01.02","CIRUGIA GENERAL G. VOLORIO",710201
700203,"4.01.1.01.03","CIRUGIA GENERAL FCO. MERINO",710202
700204,"4.01.1.01.04","CIRUGIA GENERAL MEDSYS",710203
700205,"4.01.1.01.08","ANESTESIA A. DUARTE",710204
700206,"4.01.1.01.09","ANESTESIA J. VALDEZ",710205
700207,"4.01.1.02","NEUROCIRUGIA",710206
700208,"4.01.1.02.01","NEUROCIRUGIA R. MOLINA",710207
700209,"4.01.1.03","CIRUGIA PLASTICA",710208
700210,"4.01.1.03.01","CIRUGIA PLASTICA J. PINEDA",710209
700211,"4.01.1.04","TRAUMATOLOGIA",710210
700212,"4.01.1.04.01","ORTOPEDIA Y TRAUMA  DR. ALANIS",710211
700213,"4.01.1.04.02","ORTOPEDIA Y TRAUMA DR. CASTILLO",710212
700214,"4.01.1.04.03","ORTOPEDIA Y TRAUMA DR. RIGOBERTO CASTILLO",710213
700215,"4.01.1.04.04","ORTOPEDIA Y TRAUMATOLOGIA MEDSYS",710214
700216,"4.01.1.04.05","ORTOPEDIA Y TRAUMAT JORGE MARQUEZ ESTRADA",710215
700217,"4.01.1.05","OTORRINOLARINGOLOGIA",710216
700218,"4.01.1.05.01","OTORRINOLARINGOLOGIA DR. CANTU",710217
700219,"4.01.1.05.02","OTORRINOLARINGOLOGIA DR.  R. CHAVEZ",710218
700220,"4.01.1.05.03","OTORRINOLARINGOLOGIA DR. SERRANO",710219
700221,"4.01.1.05.04","OTORRINOLARINGOLOGIA MEDSYS",710220
700222,"4.01.1.06","CARDIOLOGIA",710221
700223,"4.01.1.06.01","CARDIOLOGIA DR. W. CAMPUZANO",710222
700224,"4.01.1.07","DERMATOLOGIA",710223
700225,"4.01.1.07.01","DERMATOLOGIA  DR. H. CANTU",710224
700226,"4.01.1.07.02","DERMATOLOGIA  DR. POLA NARVAEZ",710225
700227,"4.01.1.07.03","DERMATOLOGIA MEDSYS",710226
700228,"4.01.1.08","ENDOCRINOLOGIA",710227
700229,"4.01.1.08.01","ENDOCRINOLOGIA",710228
700230,"4.01.1.09","GASTROENTEROLOGIA",710229
700231,"4.01.1.09.01","GASTROENTEROLOGIA DR. COMPEAN",710230
700232,"4.01.1.09.02","GASTROENTEROLOGIA DR. MA. ALTAGRACIA CHAVEZ",710231
700233,"4.01.1.09.03","GASTROENTEROLOGIA MEDSYS",710232
700234,"4.01.1.10","GEDIATRIA",710233
700235,"4.01.1.10.01","GEDIATRIA",710234
700236,"4.01.1.11","CLINICA DE LA MUJER",710235
700237,"4.01.1.11.01","GINECOLOGIA DRA. BRUTUS",710236
700238,"4.01.1.11.02","GINECOLOGIA DRA. C. CARPINTERO",710237
700239,"4.01.1.11.03","GINECOLOGIA MEDSYS",710238
700240,"4.01.1.12","MEDICINA FAMILIAR",710239
700241,"4.01.1.12.01","MEDICINA FAMILIAR DR. J. RAMON",710240
700242,"4.01.1.12.02","MEDICINA FAMILIAR DR. A. CARPINTERO",710241
700243,"4.01.1.12.03","MEDICINA FAMILIAR DRA. L. LOZANO",710242
700244,"4.01.1.12.04","MEDICINA FAMILIAR DR. B. PATINO",710243
700245,"4.01.1.12.05","MEDICINA FAMILIAR DR. E. LOERA",710244
700246,"4.01.1.12.06","MEDICINA FAMILIAR MEDSYS",710245
700247,"4.01.1.13","MEDICINA PREVENTIVA",710246
700248,"4.01.1.13.01","MEDICINA PREVENTIVA DR. U. CALIZAYA",710247
700249,"4.01.1.14","CLINICA LUZ Y VIDA",710248
700250,"4.01.1.14.01","CLINICA LUZ Y VIDA DR. R. CEA",710249
700251,"4.01.1.15","NEFROLOGIA",710250
700252,"4.01.1.15.01","NEFROLOGIA DR. F. ESTRELLA",710251
700253,"4.01.1.15.02","ADMISIONES",710252
700254,"4.01.1.16","NEUMOLOGIA",710253
700255,"4.01.1.16.01","NEUMOLOGIA DR. V. PEREZ",710254
700256,"4.01.1.17","NUTRICION",710255
700257,"4.01.1.17.01","NUTRICION LIC. C. RANGEL",710256
700258,"4.01.1.18","ONCOLOGIA",710257
700259,"4.01.1.18.01","ONCOLOGIA",710258
700260,"4.01.1.19","CLINICA DEL NINO",710259
700261,"4.01.1.19.01","PEDIATRIA DR. V. PEREZ",710260
700262,"4.01.1.19.02","PEDIATRIA DR. E. CEBALLOS",710261
700263,"4.01.1.19.03","PEDIATRIA MEDSYS",710262
700264,"4.01.1.20","CLINICA DE SALUD MENTAL",710263
700265,"4.01.1.20.01","PSICOLOGIA",710264
700266,"4.01.1.20.02","PSIQUIATRIA",710265
700267,"4.01.1.21","UROLOGIA",710266
700268,"4.01.1.21.01","UROLOGIA",710267
700269,"4.01.1.22","ANESTESIA",710268
700270,"4.01.1.22.01","ANESTESIA DR. DUARTE",710269
700271,"4.01.1.22.02","ANESTESIA DR. A. MIRANDA",710270
700272,"4.01.1.22.03","ANESTESIA MEDSYS",710271
700273,"4.01.1.23","MEDICINA INTERNA",710272
700274,"4.01.1.23.01","MEDICINA INTERNA W. CA,PUZANO",710273
700275,"4.01.1.24","ALMACEN GENERAL",710274
700276,"4.01.1.24.01","ALMACEN GENERAL",710275
700277,"4.01.1.25","COMPRAS",710276
700278,"4.01.1.25.01","COMPRAS",710277
700279,"4.01.1.26","FARMACIA",710278
700280,"4.01.1.26.01","FARMACIA",710279
700281,"4.01.1.27","LAVANDERIA",710280
700282,"4.01.1.27.01","LAVANDERIA",710281
700283,"4.01.1.28","TRABAJO SOCIAL",710282
700284,"4.01.1.28.01","TRABAJO SOCIAL",710283
700285,"4.01.1.29","CONSULTA EXTERNA, ARCHIVO Y RECEPCION",710284
700286,"4.01.1.29.01","ARCHIVO",710285
700287,"4.01.1.29.02","RECEPCION",710286
700288,"4.01.1.29.03","CONULTA EXTERNA,ARCHIVO Y RECEPCION MEDSYS",710287
700289,"4.01.1.30","DIAGNOSTICO CLINICO",710288
700290,"4.01.1.30.01","LABORATORIO",710289
700291,"4.01.1.30.02","RAYOS X",710290
700292,"4.01.1.31","HOSPITALIZACION",710291
700293,"4.01.1.31.01","ADMISION",710292
700294,"4.01.1.31.02","SALA 1",710293
700295,"4.01.1.31.03","SALA 2",710294
700296,"4.01.1.32","QUIROFANOS",710295
700297,"4.01.1.32.01","QUIROFANO",710296
700298,"4.01.1.32.02","CENTRAL DE EQUIPO",710297
700299,"4.01.1.33","REHABILITACION",710298
700300,"4.01.1.33.01","FISIOTERAPIA",710299
700301,"4.01.1.34","VIDA SANA",710300
700302,"4.01.1.34.01","VIDA SANA",710301
700303,"4.01.1.34.02","GIMNASIO",710302
700304,"4.01.1.34.03","CAFETERIA",710303
700305,"4.01.1.34.04","LABORATORIO V.S.",710304
700306,"4.01.1.34.05","FISIOTERAPIA VS",710305
700307,"4.01.1.35","WELLNESS",710306
700308,"4.01.1.35.01","WELLNESS",710307
700309,"4.01.1.36","URGENCIAS",710308
700310,"4.01.1.36.01","URGENCIAS",710309
700311,"4.01.1.37","OLFTAMO VENTAS",710310
700312,"4.01.1.37.01","OFTALMO VENTAS",710311
700313,"4.01.1.38","UNIDAD DE CUIDADOS INTENSIVOS",710312
700314,"4.01.1.38.01","UNIDAD DE CUIDADOS INTENSIVOS MEDSYS",710313
700315,"4.01.1.38.02","UNIDAD DE CUIDADOS INTENSIVOS",710314
700316,"4.01.1.39","CLINICA DEL ESTUDIANTE",710315
700317,"4.01.1.39.01","CLINICA DEL ESTUDIANTE MEDSYS",710316
700318,"4.01.2","DEPARTAMENTOS DE APOYO",710317
700319,"4.01.2.01","APOYO ADMINISTRATIVO",710318
700320,"4.01.2.01.01","ADMINISTRACION",710319
700321,"4.01.2.01.02","CAJA",710320
700322,"4.01.2.01.03","CONTABILIDAD",710321
700323,"4.01.2.01.04","SISTEMAS Y BIOINGENIERIA",710322
700324,"4.01.2.01.05","OFTALMOLOGIA (CARGOS INTERNOS)",710323
700325,"4.01.2.01.06","CAPELLANIA",710324
700326,"4.01.2.01.07","INTENDENCIA",710325
700327,"4.01.2.01.08","MANTENIMIENTO",710326
700328,"4.01.2.01.09","VIGILANCIA",710327
700329,"4.01.2.01.10","ENSENANZA MEDICA",710328
700330,"4.01.2.01.11","OPERACIONES FAOS",710329
700331,"4.01.2.01.12","C X C MEDSYS",710330
700332,4.02,"INSTITUTO DE LA VISION",710331
700333,"4.02.1","OFTALMOLOGIA",710332
700334,"4.02.1.01","DEPARTAMENTOS OFTALMOLOGICOS",710333
700335,"4.02.1.01.01","OFTALMOLOGIA P.G",710334
700336,"4.02.1.01.02","OFTALMOLOGIA F.F",710335
700337,"4.02.1.01.03","OFTALMOLOGIA D.J",710336
700338,"4.02.1.01.04","RESIDENTES OFTALMOLOGIA",710337
700339,"4.02.1.01.05","OFTALMOLOGIA C.P",710338
700340,"4.02.1.01.06","OFTALMOLOGIA MED. EXT",710339
700341,"4.02.1.02","DEPARTAMENTOS ADMINISTRATIVOS",710340
700342,"4.02.1.02.01","OFTALMOLOGIA TECNICOS",710341
700343,"4.02.1.02.02","OPTICA",710342
700344,"4.02.1.02.03","ADMINISTRACION",710343
700345,"4.02.1.02.04","ADMINISTRACION",710344
700346,"4.02.1.02.05","GASTOS Y PRODUCTOS FINANCIEROS",710345
700347,"4.02.1.02.06","OTROS GASTOS Y OTROS PROD. FINANCIEROS",710346
700348,5,"PATRONATO UNIVERSIDAD DE MONTEMORELOS, A.C.",710347
700349,5.01,"PATRONATO  DE LA UNIVERSIDAD DE MONTEMORELOS, A.C.",710348
700350,"5.01.1","PATRONATO  DE LA UNIVERSIDAD DE MONTEMORELOS, A.C.",710349
700351,"5.01.1.01","PATRONATO  DE LA UNIVERSIDAD DE MONTEMORELOS, A.C.",710350
